target	source	value
ANAESTHESIOLOGY	ANAESTHESIOLOGY	30
ANATOMICAL PATHOLOGY	ANATOMICAL PATHOLOGY	10
ANTHROPOLOGY	ANTHROPOLOGY	20
BUSINESS 1	ANTHROPOLOGY	2
CONTINUING	ANTHROPOLOGY	2
HONOURS ANTHROPOLOGY	ANTHROPOLOGY	5
HUMANITIES	ANTHROPOLOGY	2
SOCIAL SCIENCES	ANTHROPOLOGY	3
SOCIAL SCIENCES 1	ANTHROPOLOGY	11
SOCIOLOGY	ANTHROPOLOGY	2
ANTHROPOLOGY & SOCIAL WORK	ANTHROPOLOGY & SOCIAL WORK	2
SOCIAL SCIENCES 1	ANTHROPOLOGY & SOCIAL WORK	4
ART HISTORY	ART HISTORY	8
HUMANITIES 1	ART HISTORY	4
AUTOMOTIVE & VEHICLE TECHNOLOGY	AUTOMOTIVE & VEHICLE TECHNOLOGY	151
TECHNOLOGY 1	AUTOMOTIVE & VEHICLE TECHNOLOGY	54
BIOTECHNOLOGY	BIOTECHNOLOGY	88
TECHNOLOGY 1	BIOTECHNOLOGY	33
BUSINESS 1	BUSINESS 1	18
CARDIAC SURGERY	CARDIAC SURGERY	4
CARDIOLOGY/INTERNAL MEDICINE	CARDIOLOGY/INTERNAL MEDICINE	16
INTERNAL MEDICINE	CARDIOLOGY/INTERNAL MEDICINE	2
CHEMICAL ENGINEERING	CHEMICAL ENGINEERING	31
CHEMICAL ENGINEERING CO-OP	CHEMICAL ENGINEERING	4
ENGINEERING 1	CHEMICAL ENGINEERING	12
CHEMICAL ENGINEERING & BIOENGINEERING	CHEMICAL ENGINEERING & BIOENGINEERING	14
CHEMICAL ENGINEERING & BIOENGINEERING CO-OP	CHEMICAL ENGINEERING & BIOENGINEERING	5
ENGINEERING 1	CHEMICAL ENGINEERING & BIOENGINEERING	5
CHEMICAL ENGINEERING & BIOENGINEERING	CHEMICAL ENGINEERING & BIOENGINEERING CO-OP	4
CHEMICAL ENGINEERING & BIOENGINEERING CO-OP	CHEMICAL ENGINEERING & BIOENGINEERING CO-OP	57
ENGINEERING 1	CHEMICAL ENGINEERING & BIOENGINEERING CO-OP	3
ENGINEERING 1 CO-OP	CHEMICAL ENGINEERING & BIOENGINEERING CO-OP	17
CHEMICAL ENGINEERING & MANAGEMENT	CHEMICAL ENGINEERING & MANAGEMENT	3
CHEMICAL ENGINEERING & MANAGEMENT CO-OP	CHEMICAL ENGINEERING & MANAGEMENT CO-OP	36
ENGINEERING 1	CHEMICAL ENGINEERING & MANAGEMENT CO-OP	2
ENGINEERING 1 CO-OP	CHEMICAL ENGINEERING & MANAGEMENT CO-OP	4
CHEMICAL ENGINEERING & SOCIETY	CHEMICAL ENGINEERING & SOCIETY	2
CHEMICAL ENGINEERING & SOCIETY CO-OP	CHEMICAL ENGINEERING & SOCIETY CO-OP	21
ENGINEERING 1 CO-OP	CHEMICAL ENGINEERING & SOCIETY CO-OP	14
CHEMICAL ENGINEERING	CHEMICAL ENGINEERING CO-OP	11
CHEMICAL ENGINEERING & BIOENGINEERING CO-OP	CHEMICAL ENGINEERING CO-OP	3
CHEMICAL ENGINEERING CO-OP	CHEMICAL ENGINEERING CO-OP	136
ENGINEERING 1	CHEMICAL ENGINEERING CO-OP	9
ENGINEERING 1 CO-OP	CHEMICAL ENGINEERING CO-OP	44
CHRISTIAN THEOLOGY	CHRISTIAN THEOLOGY	24
MASTER THEOLOGICAL STUDIES	CHRISTIAN THEOLOGY	2
CIVIL ENGINEERING	CIVIL ENGINEERING	35
ENGINEERING 1	CIVIL ENGINEERING	11
CIVIL ENGINEERING & INTERNATIONAL STUDIES CO-OP	CIVIL ENGINEERING & INTERNATIONAL STUDIES CO-OP	4
CIVIL ENGINEERING & MANAGEMENT	CIVIL ENGINEERING & MANAGEMENT	26
ENGINEERING 1	CIVIL ENGINEERING & MANAGEMENT	4
CIVIL ENG & MANAGEMENT STRUCTURAL/GEOTECHNICAL ENG STR CO-OP	CIVIL ENGINEERING & MANAGEMENT CO-OP	7
CIVIL ENGINEERING & MANAGEMENT	CIVIL ENGINEERING & MANAGEMENT CO-OP	2
CIVIL ENGINEERING & MANAGEMENT CO-OP	CIVIL ENGINEERING & MANAGEMENT CO-OP	84
ENGINEERING 1	CIVIL ENGINEERING & MANAGEMENT CO-OP	4
ENGINEERING 1 CO-OP	CIVIL ENGINEERING & MANAGEMENT CO-OP	12
CIVIL ENGINEERING & SOCIETY	CIVIL ENGINEERING & SOCIETY	11
CIVIL ENGINEERING & SOCIETY CO-OP	CIVIL ENGINEERING & SOCIETY CO-OP	21
ENGINEERING 1	CIVIL ENGINEERING & SOCIETY CO-OP	2
ENGINEERING 1 CO-OP	CIVIL ENGINEERING & SOCIETY CO-OP	8
CIVIL ENGINEERING	CIVIL ENGINEERING CO-OP	2
CIVIL ENGINEERING & MANAGEMENT CO-OP	CIVIL ENGINEERING CO-OP	4
CIVIL ENGINEERING CO-OP	CIVIL ENGINEERING CO-OP	108
ENGINEERING 1	CIVIL ENGINEERING CO-OP	12
ENGINEERING 1 CO-OP	CIVIL ENGINEERING CO-OP	58
CIVIL ENGINEERING INFRASTRUCTURE TECHNOLOGY (B.TECH)	CIVIL ENGINEERING INFRASTRUCTURE TECHNOLOGY (B.TECH)	65
CIVIL ENG STRUCTURAL/GEOTECHNICAL ENGINEERING STREAM CO-OP	CIVIL ENG-STRUCTURAL/GEOTECHNICAL ENGINEERING STREAM	2
CLASSICS	CLASSICS	12
HUMANITIES 1	CLASSICS	3
CLINICAL HEMATOLOGY - ADULT/INTERNAL MEDICINE	CLINICAL HEMATOLOGY - ADULT/INTERNAL MEDICINE	4
CLINICAL IMMUNOLOGY - ADULT/INTERNAL MEDICINE	CLINICAL IMMUNOLOGY - ADULT/INTERNAL MEDICINE	3
CLINICAL HEMATOLOGY - ADULT/INTERNAL MEDICINE	CLINICAL INVESTIGATOR PROGRAMME-HEMATOLOGY	2
CLINICAL INVESTIGATOR PROGRAMME-ORTHOPEDIC SURGERY	CLINICAL INVESTIGATOR PROGRAMME-ORTHOPEDIC SURGERY	2
CRITICAL CARE	CLINICIAN INVESTIGATORS PROGRAM/CRITICAL CARE	3
BUSINESS 1	COMMERCE	587
COMMERCE	COMMERCE	53
ENGINEERING 1	COMMERCE	2
HONOURS ECONOMICS	COMMERCE	2
HONOURS LIFE SCIENCES	COMMERCE	6
HUMANITIES 1	COMMERCE	3
LIFE SCIENCES 1	COMMERCE	4
SOCIAL SCIENCES 1	COMMERCE	18
COMMUNITY MEDICINE	COMMUNITY MEDICINE	2
COMPUTER ENGINEERING	COMPUTER ENGINEERING	9
COMPUTER ENGINEERING CO-OP	COMPUTER ENGINEERING	11
ENGINEERING 1	COMPUTER ENGINEERING	10
COMPUTER ENGINEERING & MANAGEMENT CO-OP	COMPUTER ENGINEERING & MANAGEMENT CO-OP	15
ENGINEERING 1 CO-OP	COMPUTER ENGINEERING & MANAGEMENT CO-OP	2
COMPUTER ENGINEERING & SOCIETY	COMPUTER ENGINEERING & SOCIETY	2
COMPUTER ENGINEERING & SOCIETY CO-OP	COMPUTER ENGINEERING & SOCIETY CO-OP	2
COMPUTER ENGINEERING	COMPUTER ENGINEERING CO-OP	6
COMPUTER ENGINEERING CO-OP	COMPUTER ENGINEERING CO-OP	74
ENGINEERING 1	COMPUTER ENGINEERING CO-OP	9
ENGINEERING 1 CO-OP	COMPUTER ENGINEERING CO-OP	37
IRREGULAR	COMPUTER ENGINEERING CO-OP	2
LIFE SCIENCES 1	COMPUTER SCIENCE 1	2
COMPUTING AND INFORMATION TECHNOLOGY (B.TECH)	COMPUTING AND INFORMATION TECHNOLOGY (B.TECH)	33
CONTINUING	CONTINUING	15
HONOURS ARTS & SCIENCE	CONTINUING	2
HONOURS BACHELOR OF COMMERCE	CONTINUING	5
HONOURS BACHELOR OF HEALTH SCIENCES	CONTINUING	11
HONOURS BIOCHEMISTRY	CONTINUING	6
HONOURS BIOLOGY	CONTINUING	7
HONOURS BIOLOGY (PHYSIOLOGY SPECIALIZATION)	CONTINUING	3
HONOURS ECONOMICS	CONTINUING	3
HONOURS KINESIOLOGY	CONTINUING	17
HONOURS LIFE SCIENCES	CONTINUING	25
HONOURS PSYCHOLOGY-NEUROSCIENCE & BEHAVIOUR	CONTINUING	3
LIFE SCIENCES	CONTINUING	9
MATHEMATICAL SCIENCE	CONTINUING	2
POLITICAL SCIENCE	CONTINUING	3
PSYCHOLOGY	CONTINUING	2
SOCIOLOGY	CONTINUING	4
CREDIT OUTSIDE MCMASTER	CREDIT OUTSIDE MCMASTER	3
CRITICAL CARE	CRITICAL CARE	7
DEVELOPMENTAL PEDIATRICS/PEDIATRICS	DEVELOPMENTAL PEDIATRICS/PEDIATRICS	2
PAEDIATRICS	DEVELOPMENTAL PEDIATRICS/PEDIATRICS	2
DIAGNOSTIC RADIOLOGY	DIAGNOSTIC RADIOLOGY	28
MEDICINE	DIAGNOSTIC RADIOLOGY	2
DIVINITY COLLEGE CERTIFICATE OF CHRISTIAN STUDIES	DIVINITY COLLEGE CERTIFICATE OF CHRISTIAN STUDIES	2
DIVINITY COLLEGE MASTER OF ARTS CHRISTIAN STUDIES	DIVINITY COLLEGE MASTER OF ARTS CHRISTIAN STUDIES	6
BUSINESS 1	ECONOMICS	22
COMMERCE	ECONOMICS	13
CONTINUING	ECONOMICS	2
ECONOMICS	ECONOMICS	108
ENGINEERING 1 CO-OP	ECONOMICS	3
HONOURS BACHELOR OF COMMERCE	ECONOMICS	4
HONOURS ECONOMICS	ECONOMICS	19
HONOURS LIFE SCIENCES	ECONOMICS	2
HUMANITIES 1	ECONOMICS	3
IRREGULAR	ECONOMICS	7
MATHEMATICAL SCIENCE	ECONOMICS	2
PSYCHOLOGY	ECONOMICS	3
SOCIAL SCIENCES	ECONOMICS	17
SOCIAL SCIENCES 1	ECONOMICS	22
ELECTRICAL & BIOMEDICAL ENGINEERING	ELECTRICAL & BIOMEDICAL ENGINEERING	14
ENGINEERING 1	ELECTRICAL & BIOMEDICAL ENGINEERING	6
ELECTRICAL & BIOMEDICAL ENGINEERING	ELECTRICAL BIOMEDICAL ENGINEERING CO-OP	2
ELECTRICAL BIOMEDICAL ENGINEERING CO-OP	ELECTRICAL BIOMEDICAL ENGINEERING CO-OP	88
ELECTRICAL ENGINEERING CO-OP	ELECTRICAL BIOMEDICAL ENGINEERING CO-OP	4
ENGINEERING 1	ELECTRICAL BIOMEDICAL ENGINEERING CO-OP	5
ENGINEERING 1 CO-OP	ELECTRICAL BIOMEDICAL ENGINEERING CO-OP	25
ELECTRICAL ENGINEERING	ELECTRICAL ENGINEERING	24
ELECTRICAL ENGINEERING CO-OP	ELECTRICAL ENGINEERING	7
ENGINEERING 1	ELECTRICAL ENGINEERING	6
ELECTRICAL ENGINEERING & MANAGEMENT	ELECTRICAL ENGINEERING & MANAGEMENT	3
ELECTRICAL ENGINEERING & MANAGEMENT CO-OP	ELECTRICAL ENGINEERING & MANAGEMENT CO-OP	53
ENGINEERING 1	ELECTRICAL ENGINEERING & MANAGEMENT CO-OP	2
ENGINEERING 1 CO-OP	ELECTRICAL ENGINEERING & MANAGEMENT CO-OP	12
ENGINEERING 1	ELECTRICAL ENGINEERING & SOCIETY	2
ELECTRICAL ENGINEERING & SOCIETY CO-OP	ELECTRICAL ENGINEERING & SOCIETY CO-OP	17
ENGINEERING 1 CO-OP	ELECTRICAL ENGINEERING & SOCIETY CO-OP	3
COMPUTER ENGINEERING CO-OP	ELECTRICAL ENGINEERING CO-OP	6
ELECTRICAL ENGINEERING	ELECTRICAL ENGINEERING CO-OP	7
ELECTRICAL ENGINEERING CO-OP	ELECTRICAL ENGINEERING CO-OP	201
ENGINEERING 1	ELECTRICAL ENGINEERING CO-OP	19
ENGINEERING 1 CO-OP	ELECTRICAL ENGINEERING CO-OP	61
SOFTWARE ENGINEERING CO-OP	ELECTRICAL ENGINEERING CO-OP	2
EMERGENCY MEDICINE	EMERGENCY MEDICINE	27
MEDICINE	EMERGENCY MEDICINE	3
ENERGY ENGINEERING TECHNOLOGIES	ENERGY ENGINEERING TECHNOLOGIES	79
ENGINEERING 1	ENGINEERING 1	15
ENGINEERING 1 CO-OP	ENGINEERING 1	5
LIFE SCIENCES 1	ENGINEERING 1	5
TECHNOLOGY 1	ENGINEERING 1	2
ENGINEERING 1 CO-OP	ENGINEERING 1 CO-OP	30
TECHNOLOGY 1	ENGINEERING 1 CO-OP	2
ENGINEERING 1	ENGINEERING PHYSICS	2
ENGINEERING PHYSICS	ENGINEERING PHYSICS	20
ENGINEERING PHYSICS CO-OP	ENGINEERING PHYSICS	3
ENGINEERING PHYSICS & MANAGEMENT	ENGINEERING PHYSICS & MANAGEMENT	2
ENGINEERING 1 CO-OP	ENGINEERING PHYSICS & MANAGEMENT CO-OP	6
ENGINEERING PHYSICS & MANAGEMENT CO-OP	ENGINEERING PHYSICS & MANAGEMENT CO-OP	15
ENGINEERING PHYSICS & SOCIETY	ENGINEERING PHYSICS & SOCIETY	2
ENGINEERING 1 CO-OP	ENGINEERING PHYSICS & SOCIETY CO-OP	5
ENGINEERING PHYSICS & SOCIETY CO-OP	ENGINEERING PHYSICS & SOCIETY CO-OP	6
ENGINEERING 1	ENGINEERING PHYSICS CO-OP	5
ENGINEERING 1 CO-OP	ENGINEERING PHYSICS CO-OP	24
ENGINEERING PHYSICS	ENGINEERING PHYSICS CO-OP	4
ENGINEERING PHYSICS CO-OP	ENGINEERING PHYSICS CO-OP	57
BUSINESS 1	ENGLISH	3
ENGLISH	ENGLISH	38
HONOURS ENGLISH	ENGLISH	4
HUMANITIES 1	ENGLISH	17
ENVIRONMENTAL & EARTH SCIENCES 1	ENVIRONMENTAL & EARTH SCIENCES 1	9
ENGINEERING 1 CO-OP	ENVIRONMENTAL SCIENCES	2
ENVIRONMENTAL & EARTH SCIENCES 1	ENVIRONMENTAL SCIENCES	8
ENVIRONMENTAL SCIENCES	ENVIRONMENTAL SCIENCES	26
PHYSICAL SCIENCES 1	ENVIRONMENTAL SCIENCES	2
SCIENCE	ENVIRONMENTAL SCIENCES	3
FAMILY MEDICINE	FAMILY MEDICINE	44
MEDICINE	FAMILY MEDICINE	11
FAMILY MEDICINE - NIAGARA	FAMILY MEDICINE - HALTON	7
MEDICINE	FAMILY MEDICINE - HALTON	4
FAMILY MEDICINE - NIAGARA	FAMILY MEDICINE - NIAGARA	8
FAMILY MEDICINE RURAL - BRAMPTON	FAMILY MEDICINE RURAL - BRAMPTON	9
FAMILY MEDICINE RURAL - COLLINGWOOD	FAMILY MEDICINE RURAL - COLLINGWOOD	3
MEDICINE	FAMILY MEDICINE RURAL - COLLINGWOOD	2
FAMILY MEDICINE RURAL - GRIMSBY	FAMILY MEDICINE RURAL - GRIMSBY	2
MEDICINE	FAMILY MEDICINE RURAL - GRIMSBY	2
FAMILY MEDICINE RURAL - KITCHENER/WATERLOO	FAMILY MEDICINE RURAL - KITCHENER/WATERLOO	19
MEDICINE	FAMILY MEDICINE RURAL - KITCHENER/WATERLOO	4
FAMILY MEDICINE - RURAL	FAMILY MEDICINE/RURAL - GRAND ERIE SIX NATIONS	3
FAMILY MEDICINE/RURAL - GRAND ERIE SIX NATIONS	FAMILY MEDICINE/RURAL - GRAND ERIE SIX NATIONS	3
MEDICINE	FAMILY MEDICINE/RURAL - GRAND ERIE SIX NATIONS	3
FRENCH	FRENCH	4
HONOURS FRENCH	FRENCH	2
GASTROENTEROLOGY	GASTROENTEROLOGY	9
INTERNAL MEDICINE	GASTROENTEROLOGY	2
GASTROENTEROLOGY/PEDIATRICS	GASTROENTEROLOGY/PEDIATRICS	2
INTERNAL MEDICINE	GENERAL INTERNAL MEDICINE	3
GENERAL PATHOLOGY	GENERAL PATHOLOGY	10
SURGERY	GENERAL SURGERY - NIAGARA	2
GEOGRAPHY	GEOGRAPHY	28
HONOURS GEOGRAPHY	GEOGRAPHY	4
HONOURS GEOGRAPHY & ENVIRONMENTAL STUDIES	GEOGRAPHY	5
HUMANITIES 1	GEOGRAPHY	2
SOCIAL SCIENCES	GEOGRAPHY	3
SOCIAL SCIENCES 1	GEOGRAPHY	11
SOCIOLOGY	GEOGRAPHY	2
GEOGRAPHY & SOCIAL WORK	GEOGRAPHY & SOCIAL WORK	2
SOCIAL SCIENCES 1	GEOGRAPHY & SOCIAL WORK	2
GERIATRIC MEDICINE	GERIATRIC MEDICINE	3
HEALTH, AGING & SOCIETY	HEALTH, AGING & SOCIETY	16
HONOURS GERONTOLOGY	HEALTH, AGING & SOCIETY	2
HONOURS HEALTH STUDIES	HEALTH, AGING & SOCIETY	3
SOCIAL SCIENCES	HEALTH, AGING & SOCIETY	8
SOCIAL SCIENCES 1	HEALTH, AGING & SOCIETY	11
HEALTH, AGING & SOCIETY & SOCIAL WORK	HEALTH, AGING & SOCIETY & SOCIAL WORK	14
SOCIAL SCIENCES 1	HEALTH, AGING & SOCIETY & SOCIAL WORK	4
HEMATOLOGY - ONCOLOGY/PEDIATRICS	HEMATOLOGY - ONCOLOGY/PEDIATRICS	3
HISTORY	HISTORY	24
HONOURS HISTORY	HISTORY	4
HONOURS MUSIC	HISTORY	2
HUMANITIES 1	HISTORY	10
HISTORY & SOCIAL WORK	HISTORY & SOCIAL WORK	2
ENGINEERING 1 CO-OP	HONOURS ACTUARIAL AND FINANCIAL MATHEMATICS	4
HONOURS ACTUARIAL AND FINANCIAL MATHEMATICS	HONOURS ACTUARIAL AND FINANCIAL MATHEMATICS	46
LIFE SCIENCES 1	HONOURS ACTUARIAL AND FINANCIAL MATHEMATICS	5
MATHEMATICAL SCIENCE	HONOURS ACTUARIAL AND FINANCIAL MATHEMATICS	4
MATHEMATICS & STATISTICS 1	HONOURS ACTUARIAL AND FINANCIAL MATHEMATICS	31
PHYSICAL SCIENCES 1	HONOURS ACTUARIAL AND FINANCIAL MATHEMATICS	2
HONOURS ACTUARIAL AND FINANCIAL MATHEMATICS	HONOURS ACTUARIAL AND FINANCIAL MATHEMATICS (CO-OP)	12
HONOURS ACTUARIAL AND FINANCIAL MATHEMATICS (CO-OP)	HONOURS ACTUARIAL AND FINANCIAL MATHEMATICS (CO-OP)	10
ANTHROPOLOGY	HONOURS ANTHROPOLOGY	4
HONOURS ANTHROPOLOGY	HONOURS ANTHROPOLOGY	71
HUMANITIES 1	HONOURS ANTHROPOLOGY	8
PSYCHOLOGY	HONOURS ANTHROPOLOGY	4
SOCIAL SCIENCES 1	HONOURS ANTHROPOLOGY	26
HONOURS ANTHROPOLOGY & GEOGRAPHY	HONOURS ANTHROPOLOGY & GEOGRAPHY	2
HONOURS ANTHROPOLOGY & POLITICAL SCIENCE	HONOURS ANTHROPOLOGY & POLITICAL SCIENCE	4
SOCIAL SCIENCES 1	HONOURS ANTHROPOLOGY & POLITICAL SCIENCE	3
HONOURS ANTHROPOLOGY & PSYCHOLOGY	HONOURS ANTHROPOLOGY & PSYCHOLOGY	2
HONOURS ANTHROPOLOGY & RELIGIOUS STUDIES	HONOURS ANTHROPOLOGY & RELIGIOUS STUDIES	3
HONOURS ANTHROPOLOGY & SOCIOLOGY	HONOURS ANTHROPOLOGY & SOCIOLOGY	12
SOCIAL SCIENCES 1	HONOURS ANTHROPOLOGY & SOCIOLOGY	8
HONOURS ART HISTORY	HONOURS ART HISTORY	9
HUMANITIES	HONOURS ART HISTORY	2
HUMANITIES 1	HONOURS ART HISTORY	5
HONOURS ART HISTORY & CLASSICS	HONOURS ART HISTORY & CLASSICS	4
HONOURS ART HISTORY & ENGLISH	HONOURS ART HISTORY & ENGLISH	5
HUMANITIES 1	HONOURS ART HISTORY & HISTORY	2
HONOURS ART HISTORY & MULTIMEDIA	HONOURS ART HISTORY & MULTIMEDIA	2
HUMANITIES 1	HONOURS ART HISTORY & MULTIMEDIA	2
HONOURS ART HISTORY & THEATRE & FILM STUDIES	HONOURS ART HISTORY & THEATRE & FILM STUDIES	2
HONOURS ART STUDIO	HONOURS ART STUDIO	37
STUDIO ART I	HONOURS ART STUDIO	28
ARTS & SCIENCE 1	HONOURS ARTS & SCIENCE	35
HONOURS ARTS & SCIENCE	HONOURS ARTS & SCIENCE	67
HONOURS ARTS & SCIENCE & PHILOSOPHY	HONOURS ARTS & SCIENCE	2
HONOURS ARTS & SCIENCE & PSYCHOLOGY	HONOURS ARTS & SCIENCE	2
HONOURS ARTS & SCIENCE & BIOCHEMISTRY	HONOURS ARTS & SCIENCE & BIOCHEMISTRY	3
HONOURS ARTS & SCIENCE	HONOURS ARTS & SCIENCE & BIOLOGY	2
HONOURS ARTS & SCIENCE & BIOLOGY	HONOURS ARTS & SCIENCE & BIOLOGY	5
HONOURS ARTS & SCIENCE & CHEMICAL BIOLOGY	HONOURS ARTS & SCIENCE & CHEMICAL BIOLOGY	3
HONOURS ARTS & SCIENCE & ENGLISH	HONOURS ARTS & SCIENCE & ENGLISH	3
ARTS & SCIENCE 1	HONOURS ARTS & SCIENCE & ENVIRONMENTAL SCIENCE	2
ARTS & SCIENCE 1	HONOURS ARTS & SCIENCE & FRENCH	3
ARTS & SCIENCE 1	HONOURS ARTS & SCIENCE & MATHEMATICS	2
HONOURS ARTS & SCIENCE & MATHEMATICS	HONOURS ARTS & SCIENCE & MATHEMATICS	4
ARTS & SCIENCE 1	HONOURS ARTS & SCIENCE & MOLECULAR BIOLOGY & GENETICS	4
ARTS & SCIENCE 1	HONOURS ARTS & SCIENCE & ORIGINS	4
HONOURS ARTS & SCIENCE	HONOURS ARTS & SCIENCE & ORIGINS	3
ARTS & SCIENCE 1	HONOURS ARTS & SCIENCE & POLITICAL SCIENCE	3
HONOURS ARTS & SCIENCE & POLITICAL SCIENCE	HONOURS ARTS & SCIENCE & POLITICAL SCIENCE	4
ARTS & SCIENCE 1	HONOURS ARTS & SCIENCE & PSYCHOLOGY	6
HONOURS ARTS & SCIENCE	HONOURS ARTS & SCIENCE & PSYCHOLOGY	2
HONOURS ARTS & SCIENCE & PSYCHOLOGY	HONOURS ARTS & SCIENCE & PSYCHOLOGY	5
HONOURS B HTH SCI (BIOMEDICAL SCIENCES SPECIALIZATION)	HONOURS B HTH SCI (BIOMEDICAL SCIENCES SPECIALIZATION)	17
HONOURS BACHELOR OF HEALTH SCIENCES	HONOURS B HTH SCI (BIOMEDICAL SCIENCES SPECIALIZATION)	19
HONOURS B HTH SCI (CHILD HEALTH SPECIALIZATION)	HONOURS B HTH SCI (CHILD HEALTH SPECIALIZATION)	26
HONOURS BACHELOR OF HEALTH SCIENCES	HONOURS B HTH SCI (CHILD HEALTH SPECIALIZATION)	16
HONOURS B HTH SCI (GLOBAL HEALTH SPECIALIZATION)	HONOURS B HTH SCI (GLOBAL HEALTH SPECIALIZATION)	54
HONOURS BACHELOR OF HEALTH SCIENCES	HONOURS B HTH SCI (GLOBAL HEALTH SPECIALIZATION)	15
COMMERCE	HONOURS BACHELOR OF COMMERCE	472
HONOURS BACHELOR OF COMMERCE	HONOURS BACHELOR OF COMMERCE	451
HONOURS B HTH SCI (BIOMEDICAL SCIENCES SPECIALIZATION)	HONOURS BACHELOR OF HEALTH SCIENCES	4
HONOURS B HTH SCI (CHILD HEALTH SPECIALIZATION)	HONOURS BACHELOR OF HEALTH SCIENCES	2
HONOURS B HTH SCI (GLOBAL HEALTH SPECIALIZATION)	HONOURS BACHELOR OF HEALTH SCIENCES	2
HONOURS BACHELOR OF HEALTH SCIENCES	HONOURS BACHELOR OF HEALTH SCIENCES	411
LIFE SCIENCES 1	HONOURS BACHELOR OF HEALTH SCIENCES	18
HONOURS BIOCHEMISTRY	HONOURS BIOCHEMISTRY	99
HONOURS BIOCHEMISTRY - BIOMEDICAL RESEARCH SPECIALIZATION	HONOURS BIOCHEMISTRY	17
HONOURS BIOCHEMISTRY - BIOMEDICAL RESEARCH SPECIALIZATION (CO-OP)	HONOURS BIOCHEMISTRY	4
HONOURS BIOCHEMISTRY (BIOMEDICAL SCIENCES)	HONOURS BIOCHEMISTRY	8
HONOURS BIOCHEMISTRY (BIOTECHNOLOGY)	HONOURS BIOCHEMISTRY	2
HONOURS CHEMICAL BIOLOGY	HONOURS BIOCHEMISTRY	6
LIFE SCIENCES 1	HONOURS BIOCHEMISTRY	79
HONOURS BIOCHEMISTRY - BIOMEDICAL RESEARCH SPECIALIZATION	HONOURS BIOCHEMISTRY - BIOMEDICAL RESEARCH SPECIALIZATION	31
HONOURS BIOCHEMISTRY - BIOMEDICAL RESEARCH SPECIALIZATION (CO-OP)	HONOURS BIOCHEMISTRY - BIOMEDICAL RESEARCH SPECIALIZATION	2
LIFE SCIENCES 1	HONOURS BIOCHEMISTRY - BIOMEDICAL RESEARCH SPECIALIZATION	29
HONOURS BIOCHEMISTRY	HONOURS BIOCHEMISTRY - BIOMEDICAL RESEARCH SPECIALIZATION (CO-OP)	6
HONOURS BIOCHEMISTRY - BIOMEDICAL RESEARCH SPECIALIZATION	HONOURS BIOCHEMISTRY - BIOMEDICAL RESEARCH SPECIALIZATION (CO-OP)	14
HONOURS BIOCHEMISTRY - BIOMEDICAL RESEARCH SPECIALIZATION (CO-OP)	HONOURS BIOCHEMISTRY - BIOMEDICAL RESEARCH SPECIALIZATION (CO-OP)	33
HONOURS BIOCHEMISTRY (BIOMEDICAL SCIENCES)	HONOURS BIOCHEMISTRY (BIOMEDICAL SCIENCES)	3
ENVIRONMENTAL & EARTH SCIENCES 1	HONOURS BIOLOGY	3
HONOURS BIOLOGY	HONOURS BIOLOGY	117
HONOURS BIOLOGY (PHYSIOLOGY SPECIALIZATION)	HONOURS BIOLOGY	15
HONOURS CHEMICAL BIOLOGY	HONOURS BIOLOGY	2
HONOURS LIFE SCIENCES	HONOURS BIOLOGY	7
HONOURS MOLECULAR BIOLOGY & GENETICS	HONOURS BIOLOGY	8
LIFE SCIENCES 1	HONOURS BIOLOGY	34
SCIENCE	HONOURS BIOLOGY	3
ENVIRONMENTAL & EARTH SCIENCES 1	HONOURS BIOLOGY & ENVIRONMENTAL SCIENCES	3
HONOURS BIOLOGY & ENVIRONMENTAL SCIENCES	HONOURS BIOLOGY & ENVIRONMENTAL SCIENCES	15
HONOURS BIOLOGY & MATHEMATICS	HONOURS BIOLOGY & MATHEMATICS	10
HONOURS BIOLOGY	HONOURS BIOLOGY & PHARMACOLOGY (CO-OP)	4
HONOURS BIOLOGY & PHARMACOLOGY (CO-OP)	HONOURS BIOLOGY & PHARMACOLOGY (CO-OP)	35
HONOURS LIFE SCIENCES	HONOURS BIOLOGY & PHARMACOLOGY (CO-OP)	6
HONOURS MOLECULAR BIOLOGY & GENETICS	HONOURS BIOLOGY & PHARMACOLOGY (CO-OP)	7
HONOURS BIOLOGY & PSYCHOLOGY	HONOURS BIOLOGY & PSYCHOLOGY	62
LIFE SCIENCES 1	HONOURS BIOLOGY & PSYCHOLOGY	34
HONOURS BIOLOGY (ORIGINS RESEARCH SPECIALIZATION)	HONOURS BIOLOGY (ORIGINS RESEARCH SPECIALIZATION)	3
LIFE SCIENCES 1	HONOURS BIOLOGY (ORIGINS RESEARCH SPECIALIZATION)	2
HONOURS BIOLOGY (PHYSIOLOGY SPECIALIZATION)	HONOURS BIOLOGY (PHYSIOLOGY SPECIALIZATION)	24
HONOURS LIFE SCIENCES	HONOURS BIOLOGY (PHYSIOLOGY SPECIALIZATION)	2
LIFE SCIENCES 1	HONOURS BIOLOGY (PHYSIOLOGY SPECIALIZATION)	17
HONOURS PHYSICS (BIOPHYSICS SPECIALIZATION)	HONOURS BIOPHYSICS CO-OP	2
HONOURS BUSINESS INFORMATICS	HONOURS BUSINESS INFORMATICS	4
COMPUTER SCIENCE 1 CO-OP	HONOURS BUSINESS INFORMATICS CO-OP	4
HONOURS BUSINESS INFORMATICS CO-OP	HONOURS BUSINESS INFORMATICS CO-OP	25
HONOURS CHEMICAL BIOLOGY	HONOURS CHEMICAL BIOLOGY	26
LIFE SCIENCES 1	HONOURS CHEMICAL BIOLOGY	35
HONOURS CHEMICAL BIOLOGY	HONOURS CHEMICAL BIOLOGY (CO-OP)	15
HONOURS CHEMICAL BIOLOGY (CO-OP)	HONOURS CHEMICAL BIOLOGY (CO-OP)	26
HONOURS CHEMISTRY	HONOURS CHEMISTRY	36
LIFE SCIENCES 1	HONOURS CHEMISTRY	12
PHYSICAL SCIENCES 1	HONOURS CHEMISTRY	6
HONOURS CHEMISTRY	HONOURS CHEMISTRY (CO-OP)	16
HONOURS CHEMISTRY (CO-OP)	HONOURS CHEMISTRY (CO-OP)	12
HONOURS CLASSICS	HONOURS CLASSICS	11
HUMANITIES 1	HONOURS CLASSICS	4
HONOURS CLASSICS & ANTHROPOLOGY	HONOURS CLASSICS & ANTHROPOLOGY	5
HONOURS CLASSICS & ENGLISH	HONOURS CLASSICS & ENGLISH	4
HONOURS CLASSICS & FRENCH	HONOURS CLASSICS & FRENCH	3
HONOURS CLASSICS & HISTORY	HONOURS CLASSICS & HISTORY	11
HUMANITIES 1	HONOURS CLASSICS & HISTORY	6
HUMANITIES 1	HONOURS CLASSICS & PHILOSOPHY	2
HONOURS COGNITIVE SCIENCE OF LANGUAGE	HONOURS COGNITIVE SCIENCE OF LANGUAGE	42
HONOURS LINGUISTICS	HONOURS COGNITIVE SCIENCE OF LANGUAGE	2
HUMANITIES	HONOURS COGNITIVE SCIENCE OF LANGUAGE	2
HUMANITIES 1	HONOURS COGNITIVE SCIENCE OF LANGUAGE	23
SOCIAL SCIENCES 1	HONOURS COGNITIVE SCIENCE OF LANGUAGE	5
HONOURS COGNITIVE SCIENCE OF LANGUAGE & ENGLISH	HONOURS COGNITIVE SCIENCE OF LANGUAGE & ENGLISH	3
HONOURS COGNITIVE SCIENCE OF LANGUAGE & FRENCH	HONOURS COGNITIVE SCIENCE OF LANGUAGE & FRENCH	5
SOCIAL SCIENCES 1	HONOURS COGNITIVE SCIENCE OF LANGUAGE & SOCIOLOGY	2
HUMANITIES 1	HONOURS COMMUNICATION ST & CULTURAL ST AND CRITICAL THEORY	3
ECONOMICS	HONOURS COMMUNICATION STUDIES	2
ENGLISH	HONOURS COMMUNICATION STUDIES	3
HISTORY	HONOURS COMMUNICATION STUDIES	2
HONOURS COMMUNICATION STUDIES	HONOURS COMMUNICATION STUDIES	111
HONOURS COMMUNICATION STUDIES & ENGLISH	HONOURS COMMUNICATION STUDIES	2
HONOURS COMMUNICATION STUDIES & HISTORY	HONOURS COMMUNICATION STUDIES	2
HONOURS COMMUNICATION STUDIES & MULTIMEDIA	HONOURS COMMUNICATION STUDIES	3
HONOURS COMMUNICATION STUDIES & SOCIOLOGY	HONOURS COMMUNICATION STUDIES	4
HONOURS COMMUNICATION STUDIES & THEATRE & FILM STUDIES	HONOURS COMMUNICATION STUDIES	4
HUMANITIES	HONOURS COMMUNICATION STUDIES	7
HUMANITIES 1	HONOURS COMMUNICATION STUDIES	58
PHILOSOPHY	HONOURS COMMUNICATION STUDIES	3
SOCIAL SCIENCES 1	HONOURS COMMUNICATION STUDIES	15
SOCIOLOGY	HONOURS COMMUNICATION STUDIES	2
HONOURS COMMUNICATION STUDIES & ANTHROPOLOGY	HONOURS COMMUNICATION STUDIES & ANTHROPOLOGY	2
HUMANITIES 1	HONOURS COMMUNICATION STUDIES & ANTHROPOLOGY	2
HONOURS COMMUNICATION STUDIES & ECONOMICS	HONOURS COMMUNICATION STUDIES & ECONOMICS	3
HONOURS COMMUNICATION STUDIES & ENGLISH	HONOURS COMMUNICATION STUDIES & ENGLISH	9
HONOURS ENGLISH	HONOURS COMMUNICATION STUDIES & ENGLISH	4
HUMANITIES 1	HONOURS COMMUNICATION STUDIES & ENGLISH	6
HONOURS COMMUNICATION STUDIES & FRENCH	HONOURS COMMUNICATION STUDIES & FRENCH	3
HUMANITIES 1	HONOURS COMMUNICATION STUDIES & FRENCH	2
HONOURS COMMUNICATION STUDIES & GEOGRAPHY	HONOURS COMMUNICATION STUDIES & GEOGRAPHY	3
HONOURS COMMUNICATION STUDIES & HISTORY	HONOURS COMMUNICATION STUDIES & HISTORY	4
HUMANITIES 1	HONOURS COMMUNICATION STUDIES & HISTORY	3
HONOURS COMMUNICATION STUDIES & LABOUR STUDIES	HONOURS COMMUNICATION STUDIES & LABOUR STUDIES	2
HONOURS COMMUNICATION STUDIES & LINGUISTIC COGNITIVE SCIENCE	HONOURS COMMUNICATION STUDIES & LINGUISTIC COGNITIVE SCIENCE	2
HUMANITIES 1	HONOURS COMMUNICATION STUDIES & LINGUISTIC COGNITIVE SCIENCE	3
HONOURS COMMUNICATION STUDIES & MULTIMEDIA	HONOURS COMMUNICATION STUDIES & MULTIMEDIA	39
HONOURS MULTIMEDIA	HONOURS COMMUNICATION STUDIES & MULTIMEDIA	3
HUMANITIES 1	HONOURS COMMUNICATION STUDIES & MULTIMEDIA	18
SOCIAL SCIENCES 1	HONOURS COMMUNICATION STUDIES & MULTIMEDIA	2
HONOURS COMMUNICATION STUDIES & PEACE STUDIES	HONOURS COMMUNICATION STUDIES & PEACE STUDIES	2
HUMANITIES 1	HONOURS COMMUNICATION STUDIES & PEACE STUDIES	2
HUMANITIES 1	HONOURS COMMUNICATION STUDIES & PHILOSOPHY	2
HONOURS COMMUNICATION STUDIES & POLITICAL SCIENCE	HONOURS COMMUNICATION STUDIES & POLITICAL SCIENCE	13
HUMANITIES 1	HONOURS COMMUNICATION STUDIES & POLITICAL SCIENCE	2
SOCIAL SCIENCES 1	HONOURS COMMUNICATION STUDIES & POLITICAL SCIENCE	6
HONOURS COMMUNICATION STUDIES & SOCIOLOGY	HONOURS COMMUNICATION STUDIES & SOCIOLOGY	8
HUMANITIES 1	HONOURS COMMUNICATION STUDIES & SOCIOLOGY	4
SOCIAL SCIENCES 1	HONOURS COMMUNICATION STUDIES & SOCIOLOGY	7
HONOURS COMMUNICATION STUDIES & THEATRE & FILM STUDIES	HONOURS COMMUNICATION STUDIES & THEATRE & FILM STUDIES	6
HUMANITIES 1	HONOURS COMMUNICATION STUDIES & THEATRE & FILM STUDIES	8
COMPUTER SCIENCE 1	HONOURS COMPUTER SCIENCE	4
HONOURS COMPUTER SCIENCE	HONOURS COMPUTER SCIENCE	17
COMPUTER SCIENCE 1	HONOURS COMPUTER SCIENCE CO-OP	7
COMPUTER SCIENCE 1 CO-OP	HONOURS COMPUTER SCIENCE CO-OP	28
HONOURS COMPUTER SCIENCE	HONOURS COMPUTER SCIENCE CO-OP	2
HONOURS COMPUTER SCIENCE CO-OP	HONOURS COMPUTER SCIENCE CO-OP	69
HONOURS CULTURAL STUDIES & CRITICAL THEORY & ANTHROPOLOGY	HONOURS CULTURAL STUDIES & CRITICAL THEORY & ANTHROPOLOGY	3
HONOURS CULTURAL STUDIES & CRITICAL THEORY & ENGLISH	HONOURS CULTURAL STUDIES & CRITICAL THEORY & ENGLISH	6
SOCIAL SCIENCES 1	HONOURS CULTURAL STUDIES & CRITICAL THEORY & SOCIOLOGY	2
ENVIRONMENTAL & EARTH SCIENCES 1	HONOURS EARTH & ENVIRONMENTAL SCIENCES	6
ENVIRONMENTAL SCIENCES	HONOURS EARTH & ENVIRONMENTAL SCIENCES	5
HONOURS EARTH & ENVIRONMENTAL SCIENCES	HONOURS EARTH & ENVIRONMENTAL SCIENCES	29
HONOURS ENVIRONMENTAL SCIENCES	HONOURS EARTH & ENVIRONMENTAL SCIENCES	6
PHYSICAL SCIENCES 1	HONOURS EARTH & ENVIRONMENTAL SCIENCES	2
SCIENCE	HONOURS EARTH & ENVIRONMENTAL SCIENCES	3
BUSINESS 1	HONOURS ECONOMICS	3
ECONOMICS	HONOURS ECONOMICS	27
HONOURS BACHELOR OF COMMERCE	HONOURS ECONOMICS	3
HONOURS ECONOMICS	HONOURS ECONOMICS	115
HUMANITIES	HONOURS ECONOMICS	2
HUMANITIES 1	HONOURS ECONOMICS	4
LIFE SCIENCES 1	HONOURS ECONOMICS	2
MATHEMATICS & STATISTICS 1	HONOURS ECONOMICS	4
POLITICAL SCIENCE	HONOURS ECONOMICS	2
SOCIAL SCIENCES	HONOURS ECONOMICS	2
SOCIAL SCIENCES 1	HONOURS ECONOMICS	43
SOCIAL SCIENCES 1	HONOURS ECONOMICS & GEOGRAPHY	3
HONOURS ECONOMICS & MATHEMATICS	HONOURS ECONOMICS & MATHEMATICS	4
HONOURS ECONOMICS & POLITICAL SCIENCE	HONOURS ECONOMICS & POLITICAL SCIENCE	12
SOCIAL SCIENCES 1	HONOURS ECONOMICS & POLITICAL SCIENCE	4
HONOURS ECONOMICS & SOCIOLOGY	HONOURS ECONOMICS & SOCIOLOGY	4
ENGLISH	HONOURS ENGLISH	7
HONOURS ENGLISH	HONOURS ENGLISH	83
HUMANITIES 1	HONOURS ENGLISH	25
SOCIAL SCIENCES 1	HONOURS ENGLISH	3
HONOURS ENGLISH & FRENCH	HONOURS ENGLISH & FRENCH	8
HONOURS ENGLISH & GEOGRAPHY	HONOURS ENGLISH & GEOGRAPHY	3
HONOURS ENGLISH & HISTORY	HONOURS ENGLISH & HISTORY	30
HUMANITIES 1	HONOURS ENGLISH & HISTORY	11
HONOURS ENGLISH & MULTIMEDIA	HONOURS ENGLISH & MULTIMEDIA	2
HONOURS ENGLISH & PHILOSOPHY	HONOURS ENGLISH & PHILOSOPHY	6
HUMANITIES 1	HONOURS ENGLISH & PHILOSOPHY	2
HONOURS ENGLISH	HONOURS ENGLISH & POLITICAL SCIENCE	3
HONOURS ENGLISH & POLITICAL SCIENCE	HONOURS ENGLISH & POLITICAL SCIENCE	4
HONOURS ENGLISH & RELIGIOUS STUDIES	HONOURS ENGLISH & RELIGIOUS STUDIES	5
HONOURS ENGLISH & SOCIOLOGY	HONOURS ENGLISH & SOCIOLOGY	6
HONOURS ENGLISH & THEATRE & FILM STUDIES	HONOURS ENGLISH & THEATRE & FILM STUDIES	8
HUMANITIES 1	HONOURS ENGLISH & THEATRE & FILM STUDIES	3
ENVIRONMENTAL & EARTH SCIENCES 1	HONOURS ENVIRONMENTAL SCIENCES	10
ENVIRONMENTAL SCIENCES	HONOURS ENVIRONMENTAL SCIENCES	4
HONOURS ENVIRONMENTAL SCIENCES	HONOURS ENVIRONMENTAL SCIENCES	40
HONOURS LIFE SCIENCES	HONOURS ENVIRONMENTAL SCIENCES	2
LIFE SCIENCES 1	HONOURS ENVIRONMENTAL SCIENCES	2
SCIENCE	HONOURS ENVIRONMENTAL SCIENCES	3
HONOURS FRENCH	HONOURS FRENCH	19
HUMANITIES 1	HONOURS FRENCH	2
HONOURS FRENCH & HISTORY	HONOURS FRENCH & HISTORY	4
HUMANITIES 1	HONOURS FRENCH & LINGUISTICS	3
HONOURS FRENCH & POLITICAL SCIENCE	HONOURS FRENCH & POLITICAL SCIENCE	4
HONOURS FRENCH & SOCIOLOGY	HONOURS FRENCH & SOCIOLOGY	3
ECONOMICS	HONOURS GEOGRAPHY	2
GEOGRAPHY	HONOURS GEOGRAPHY	4
HONOURS GEOGRAPHY	HONOURS GEOGRAPHY	29
HUMANITIES 1	HONOURS GEOGRAPHY	2
SOCIAL SCIENCES 1	HONOURS GEOGRAPHY	4
ENVIRONMENTAL & EARTH SCIENCES 1	HONOURS GEOGRAPHY & ENVIRONMENTAL SCIENCES	5
ENVIRONMENTAL SCIENCES	HONOURS GEOGRAPHY & ENVIRONMENTAL SCIENCES	2
HONOURS GEOGRAPHY & ENVIRONMENTAL SCIENCES	HONOURS GEOGRAPHY & ENVIRONMENTAL SCIENCES	15
HONOURS GEOGRAPHY & ENVIRONMENTAL STUDIES	HONOURS GEOGRAPHY & ENVIRONMENTAL SCIENCES	2
SCIENCE	HONOURS GEOGRAPHY & ENVIRONMENTAL SCIENCES	4
GEOGRAPHY	HONOURS GEOGRAPHY & ENVIRONMENTAL STUDIES	6
HONOURS GEOGRAPHY & ENVIRONMENTAL STUDIES	HONOURS GEOGRAPHY & ENVIRONMENTAL STUDIES	41
HUMANITIES 1	HONOURS GEOGRAPHY & ENVIRONMENTAL STUDIES	2
SOCIAL SCIENCES 1	HONOURS GEOGRAPHY & ENVIRONMENTAL STUDIES	17
SOCIAL SCIENCES 1	HONOURS GEOGRAPHY & POLITICAL SCIENCE	3
HONOURS GEOGRAPHY & SOCIOLOGY	HONOURS GEOGRAPHY & SOCIOLOGY	6
SOCIAL SCIENCES 1	HONOURS GEOGRAPHY & SOCIOLOGY	2
HONOURS GERONTOLOGY	HONOURS GERONTOLOGY	15
HONOURS SOCIOLOGY	HONOURS GERONTOLOGY	2
SOCIAL SCIENCES 1	HONOURS GERONTOLOGY	8
HONOURS GERONTOLOGY & SOCIOLOGY	HONOURS GERONTOLOGY & SOCIOLOGY	8
HONOURS SOCIOLOGY	HONOURS GERONTOLOGY & SOCIOLOGY	2
HEALTH, AGING & SOCIETY	HONOURS HEALTH STUDIES	2
HONOURS HEALTH STUDIES	HONOURS HEALTH STUDIES	37
HUMANITIES 1	HONOURS HEALTH STUDIES	2
SOCIAL SCIENCES	HONOURS HEALTH STUDIES	3
SOCIAL SCIENCES 1	HONOURS HEALTH STUDIES	10
HONOURS HEALTH STUDIES & ANTHROPOLOGY	HONOURS HEALTH STUDIES & ANTHROPOLOGY	2
SOCIAL SCIENCES 1	HONOURS HEALTH STUDIES & ANTHROPOLOGY	3
HEALTH, AGING & SOCIETY	HONOURS HEALTH STUDIES & GERONTOLOGY	3
HONOURS GERONTOLOGY	HONOURS HEALTH STUDIES & GERONTOLOGY	9
HONOURS HEALTH STUDIES	HONOURS HEALTH STUDIES & GERONTOLOGY	6
HONOURS HEALTH STUDIES & GERONTOLOGY	HONOURS HEALTH STUDIES & GERONTOLOGY	51
HUMANITIES 1	HONOURS HEALTH STUDIES & GERONTOLOGY	2
SOCIAL SCIENCES 1	HONOURS HEALTH STUDIES & GERONTOLOGY	11
HONOURS HEALTH STUDIES & LABOUR STUDIES	HONOURS HEALTH STUDIES & LABOUR STUDIES	2
SOCIAL SCIENCES 1	HONOURS HEALTH STUDIES & POLITICAL SCIENCE	3
HONOURS HEALTH STUDIES & SOCIOLOGY	HONOURS HEALTH STUDIES & SOCIOLOGY	9
HONOURS SOCIOLOGY	HONOURS HEALTH STUDIES & SOCIOLOGY	4
SOCIAL SCIENCES 1	HONOURS HEALTH STUDIES & SOCIOLOGY	4
HISTORY	HONOURS HISTORY	8
HONOURS HISTORY	HONOURS HISTORY	59
HUMANITIES 1	HONOURS HISTORY	28
HONOURS HISTORY & ANTHROPOLOGY	HONOURS HISTORY & ANTHROPOLOGY	9
HUMANITIES 1	HONOURS HISTORY & ANTHROPOLOGY	2
HONOURS HISTORY & LINGUISTICS	HONOURS HISTORY & LINGUISTICS	2
HONOURS HISTORY & MULTIMEDIA	HONOURS HISTORY & MULTIMEDIA	2
HONOURS HISTORY & PHILOSOPHY	HONOURS HISTORY & PHILOSOPHY	5
HUMANITIES 1	HONOURS HISTORY & PHILOSOPHY	2
HONOURS HISTORY & POLITICAL SCIENCE	HONOURS HISTORY & POLITICAL SCIENCE	17
HUMANITIES 1	HONOURS HISTORY & POLITICAL SCIENCE	5
SOCIAL SCIENCES 1	HONOURS HISTORY & POLITICAL SCIENCE	3
HONOURS HISTORY & RELIGIOUS STUDIES	HONOURS HISTORY & RELIGIOUS STUDIES	4
HUMANITIES 1	HONOURS HISTORY & RELIGIOUS STUDIES	2
HONOURS HISTORY & SOCIOLOGY	HONOURS HISTORY & SOCIOLOGY	2
HUMANITIES 1	HONOURS HISTORY & SOCIOLOGY	2
HUMANITIES 1	HONOURS HISTORY & THEATRE & FILM STUDIES	3
HONOURS INTEGRATED SCIENCE	HONOURS INTEGRATED SCIENCE	7
HONOURS INTEGRATED SCIENCE (BIOCHEMISTRY)	HONOURS INTEGRATED SCIENCE (BIOCHEMISTRY)	11
INTEGRATED SCIENCE 1	HONOURS INTEGRATED SCIENCE (BIOCHEMISTRY)	9
HONOURS INTEGRATED SCIENCE (BIOLOGY)	HONOURS INTEGRATED SCIENCE (BIOLOGY)	14
INTEGRATED SCIENCE 1	HONOURS INTEGRATED SCIENCE (BIOLOGY)	9
HONOURS INTEGRATED SCIENCE (BIOPHYSICS)	HONOURS INTEGRATED SCIENCE (BIOPHYSICS)	4
INTEGRATED SCIENCE 1	HONOURS INTEGRATED SCIENCE (BIOPHYSICS)	3
HONOURS INTEGRATED SCIENCE (CHEMICAL BIOLOGY)	HONOURS INTEGRATED SCIENCE (CHEMICAL BIOLOGY)	3
INTEGRATED SCIENCE 1	HONOURS INTEGRATED SCIENCE (CHEMICAL BIOLOGY)	2
HONOURS INTEGRATED SCIENCE (CHEMISTRY)	HONOURS INTEGRATED SCIENCE (CHEMISTRY)	3
HONOURS INTEGRATED SCIENCE (EARTH & ENVIRONMENTAL SCIENCE)	HONOURS INTEGRATED SCIENCE (EARTH & ENVIRONMENTAL SCIENCE)	8
INTEGRATED SCIENCE 1	HONOURS INTEGRATED SCIENCE (EARTH & ENVIRONMENTAL SCIENCE)	2
HONOURS INTEGRATED SCIENCE (MATHEMATICS & STATISTICS)	HONOURS INTEGRATED SCIENCE (MATHEMATICS & STATISTICS)	4
HONOURS INTEGRATED SCIENCE (BIOPHYSICS)	HONOURS INTEGRATED SCIENCE (PHYSICS)	2
HONOURS INTEGRATED SCIENCE (PHYSICS)	HONOURS INTEGRATED SCIENCE (PHYSICS)	5
INTEGRATED SCIENCE 1	HONOURS INTEGRATED SCIENCE (PHYSICS)	2
HONOURS INTEGRATED SCIENCE (PSYCHOLOGY, NEUROSCIENCE & BEHAVIOUR))	HONOURS INTEGRATED SCIENCE (PSYCHOLOGY, NEUROSCIENCE & BEHAVIOUR))	10
INTEGRATED SCIENCE 1	HONOURS INTEGRATED SCIENCE (PSYCHOLOGY, NEUROSCIENCE & BEHAVIOUR))	4
HONOURS INTEGRATED SCIENCE (RADIATION SCIENCE)	HONOURS INTEGRATED SCIENCE (RADIATION SCIENCE)	2
HONOURS KINESIOLOGY	HONOURS KINESIOLOGY	375
HONOURS KINESIOLOGY 1	HONOURS KINESIOLOGY	183
KINESIOLOGY GENERAL	HONOURS KINESIOLOGY	3
SCIENCE	HONOURS KINESIOLOGY	4
HONOURS KINESIOLOGY 1	HONOURS KINESIOLOGY 1	3
LIFE SCIENCES 1	HONOURS KINESIOLOGY 1	2
BUSINESS 1	HONOURS LABOUR STUDIES	2
HONOURS LABOUR STUDIES	HONOURS LABOUR STUDIES	20
HUMANITIES 1	HONOURS LABOUR STUDIES	2
LABOUR STUDIES	HONOURS LABOUR STUDIES	9
SOCIAL SCIENCES 1	HONOURS LABOUR STUDIES	10
HONOURS LABOUR STUDIES & POLITICAL SCIENCE	HONOURS LABOUR STUDIES & POLITICAL SCIENCE	11
SOCIAL SCIENCES 1	HONOURS LABOUR STUDIES & POLITICAL SCIENCE	3
HONOURS LABOUR STUDIES & SOCIOLOGY	HONOURS LABOUR STUDIES & SOCIOLOGY	6
HONOURS LIFE SCIENCE (ORIGINS RESEARCH SPECIALIZATION)	HONOURS LIFE SCIENCE (ORIGINS RESEARCH SPECIALIZATION)	5
HONOURS LIFE SCIENCES	HONOURS LIFE SCIENCE (ORIGINS RESEARCH SPECIALIZATION)	2
LIFE SCIENCES 1	HONOURS LIFE SCIENCE (ORIGINS RESEARCH SPECIALIZATION)	5
ENVIRONMENTAL & EARTH SCIENCES 1	HONOURS LIFE SCIENCES	10
HONOURS BIOCHEMISTRY	HONOURS LIFE SCIENCES	2
HONOURS BIOLOGY	HONOURS LIFE SCIENCES	9
HONOURS BIOLOGY (PHYSIOLOGY SPECIALIZATION)	HONOURS LIFE SCIENCES	2
HONOURS CHEMICAL BIOLOGY	HONOURS LIFE SCIENCES	2
HONOURS ENVIRONMENTAL SCIENCES	HONOURS LIFE SCIENCES	3
HONOURS LIFE SCIENCES	HONOURS LIFE SCIENCES	561
HONOURS MOLECULAR BIOLOGY & GENETICS	HONOURS LIFE SCIENCES	2
HONOURS PSYCHOLOGY-NEUROSCIENCE & BEHAVIOUR	HONOURS LIFE SCIENCES	2
LIFE SCIENCES	HONOURS LIFE SCIENCES	58
LIFE SCIENCES 1	HONOURS LIFE SCIENCES	243
PHYSICAL SCIENCES 1	HONOURS LIFE SCIENCES	2
PSYCHOLOGY	HONOURS LIFE SCIENCES	2
SCIENCE	HONOURS LIFE SCIENCES	10
SOCIAL SCIENCES 1	HONOURS LIFE SCIENCES	2
HONOURS LIFE SCIENCES	HONOURS LIFE SCIENCES CO-OP	13
LIFE SCIENCES	HONOURS LIFE SCIENCES CO-OP	2
HONOURS LINGUISTICS	HONOURS LINGUISTICS	9
HUMANITIES	HONOURS LINGUISTICS	2
HUMANITIES 1	HONOURS LINGUISTICS	6
SOCIAL SCIENCES 1	HONOURS LINGUISTICS	2
HONOURS MATHEMATICS & COMPUTER SCIENCE	HONOURS MATHEMATICS & COMPUTER SCIENCE	4
MATHEMATICS & STATISTICS 1	HONOURS MATHEMATICS & COMPUTER SCIENCE	4
HONOURS MATHEMATICS & PHYSICS	HONOURS MATHEMATICS & PHYSICS	2
MATHEMATICS & STATISTICS 1	HONOURS MATHEMATICS & PHYSICS	2
PHYSICAL SCIENCES 1	HONOURS MATHEMATICS & PHYSICS	4
HONOURS ACTUARIAL AND FINANCIAL MATHEMATICS	HONOURS MATHEMATICS & STATISTICS	2
HONOURS MATHEMATICS & STATISTICS	HONOURS MATHEMATICS & STATISTICS	15
HONOURS MATHEMATICS & STATISTICS(MATHEMATICS SPECIALIZATION)	HONOURS MATHEMATICS & STATISTICS	3
HONOURS MATHEMATICS & STATISTICS(STATISTICS SPECIALIZATION)	HONOURS MATHEMATICS & STATISTICS	2
MATHEMATICS & STATISTICS 1	HONOURS MATHEMATICS & STATISTICS	7
HONOURS MATHEMATICS & STATISTICS CO-OP	HONOURS MATHEMATICS & STATISTICS CO-OP	10
HONOURS MATHEMATICS & STATISTICS(STATISTICS SPECIALIZATION)	HONOURS MATHEMATICS & STATISTICS CO-OP (STATISTICS SPEC)	2
HONOURS MATHEMATICS & STATISTICS	HONOURS MATHEMATICS & STATISTICS(MATHEMATICS SPECIALIZATION)	2
HONOURS MATHEMATICS & STATISTICS(MATHEMATICS SPECIALIZATION)	HONOURS MATHEMATICS & STATISTICS(MATHEMATICS SPECIALIZATION)	9
MATHEMATICS & STATISTICS 1	HONOURS MATHEMATICS & STATISTICS(MATHEMATICS SPECIALIZATION)	3
HONOURS MATHEMATICS & STATISTICS(STATISTICS SPECIALIZATION)	HONOURS MATHEMATICS & STATISTICS(STATISTICS SPECIALIZATION)	5
MATHEMATICS & STATISTICS 1	HONOURS MATHEMATICS & STATISTICS(STATISTICS SPECIALIZATION)	2
HONOURS MEDICAL & HEALTH PHYSICS	HONOURS MEDICAL & HEALTH PHYSICS	8
LIFE SCIENCES 1	HONOURS MEDICAL & HEALTH PHYSICS	4
PHYSICAL SCIENCES 1	HONOURS MEDICAL & HEALTH PHYSICS	3
HONOURS MEDICAL & HEALTH PHYSICS	HONOURS MEDICAL & HEALTH PHYSICS CO-OP	6
HONOURS MEDICAL & HEALTH PHYSICS CO-OP	HONOURS MEDICAL & HEALTH PHYSICS CO-OP	9
HONOURS LIFE SCIENCES	HONOURS MOLECULAR BIOLOGY & GENETICS	2
HONOURS MOLECULAR BIOLOGY & GENETICS	HONOURS MOLECULAR BIOLOGY & GENETICS	37
HONOURS MOLECULAR BIOLOGY & GENETICS CO-OP	HONOURS MOLECULAR BIOLOGY & GENETICS	2
LIFE SCIENCES 1	HONOURS MOLECULAR BIOLOGY & GENETICS	31
HONOURS MOLECULAR BIOLOGY & GENETICS	HONOURS MOLECULAR BIOLOGY & GENETICS CO-OP	10
HONOURS MOLECULAR BIOLOGY & GENETICS CO-OP	HONOURS MOLECULAR BIOLOGY & GENETICS CO-OP	17
HONOURS MULTIMEDIA	HONOURS MULTIMEDIA	23
HUMANITIES 1	HONOURS MULTIMEDIA	7
HONOURS MULTIMEDIA & ECONOMICS	HONOURS MULTIMEDIA & ECONOMICS	2
HONOURS MULTIMEDIA & THEATRE & FILM STUDIES	HONOURS MULTIMEDIA & THEATRE & FILM STUDIES	2
HONOURS THEATRE & FILM STUDIES	HONOURS MULTIMEDIA & THEATRE & FILM STUDIES	2
HUMANITIES 1	HONOURS MULTIMEDIA & THEATRE & FILM STUDIES	3
HONOURS MUSIC	HONOURS MUSIC	52
MUSIC	HONOURS MUSIC	3
MUSIC 1	HONOURS MUSIC	19
HONOURS MUSIC (MUSIC COGNITION)	HONOURS MUSIC (MUSIC COGNITION)	6
MUSIC 1	HONOURS MUSIC (MUSIC COGNITION)	3
HONOURS PEACE STUDIES & ANTHROPOLOGY	HONOURS PEACE STUDIES & ANTHROPOLOGY	2
HONOURS PEACE STUDIES & PHILOSOPHY	HONOURS PEACE STUDIES & PHILOSOPHY	2
HUMANITIES 1	HONOURS PEACE STUDIES & PHILOSOPHY	2
HONOURS PEACE STUDIES & POLITICAL SCIENCE	HONOURS PEACE STUDIES & POLITICAL SCIENCE	3
HONOURS PHILOSOPHY	HONOURS PHILOSOPHY	23
HUMANITIES 1	HONOURS PHILOSOPHY	8
PHILOSOPHY	HONOURS PHILOSOPHY	8
SOCIAL SCIENCES 1	HONOURS PHILOSOPHY	2
HONOURS PHILOSOPHY & BIOLOGY	HONOURS PHILOSOPHY & BIOLOGY	3
HONOURS PHILOSOPHY & POLITICAL SCIENCE	HONOURS PHILOSOPHY & POLITICAL SCIENCE	10
HUMANITIES 1	HONOURS PHILOSOPHY & POLITICAL SCIENCE	3
HONOURS PHILOSOPHY & SOCIOLOGY	HONOURS PHILOSOPHY & SOCIOLOGY	3
SOCIAL SCIENCES 1	HONOURS PHILOSOPHY & SOCIOLOGY	2
HONOURS PHILOSOPHY & THEATRE & FILM STUDIES	HONOURS PHILOSOPHY & THEATRE & FILM STUDIES	2
HONOURS PHYSICS	HONOURS PHYSICS	16
LIFE SCIENCES 1	HONOURS PHYSICS	2
PHYSICAL SCIENCES 1	HONOURS PHYSICS	11
HONOURS PHYSICS (ASTROPHYSICS SPECIALIZATION)	HONOURS PHYSICS (ASTROPHYSICS SPECIALIZATION)	6
PHYSICAL SCIENCES 1	HONOURS PHYSICS (ASTROPHYSICS SPECIALIZATION)	4
HONOURS PHYSICS (BIOPHYSICS SPECIALIZATION)	HONOURS PHYSICS (BIOPHYSICS SPECIALIZATION)	7
LIFE SCIENCES 1	HONOURS PHYSICS (BIOPHYSICS SPECIALIZATION)	3
HONOURS PHYSICS	HONOURS PHYSICS (CO-OP)	6
HONOURS PHYSICS (ASTROPHYSICS SPECIALIZATION)	HONOURS PHYSICS (CO-OP)	3
HONOURS PHYSICS (CO-OP)	HONOURS PHYSICS (CO-OP)	9
HONOURS PHILOSOPHY & POLITICAL SCIENCE	HONOURS POLITICAL SCIENCE	5
HONOURS POLITICAL SCIENCE	HONOURS POLITICAL SCIENCE	101
HUMANITIES 1	HONOURS POLITICAL SCIENCE	9
POLITICAL SCIENCE	HONOURS POLITICAL SCIENCE	10
SOCIAL SCIENCES	HONOURS POLITICAL SCIENCE	5
SOCIAL SCIENCES 1	HONOURS POLITICAL SCIENCE	60
HONOURS POLITICAL SCIENCE & RELIGIOUS STUDIES	HONOURS POLITICAL SCIENCE & RELIGIOUS STUDIES	2
HONOURS POLITICAL SCIENCE & SOCIOLOGY	HONOURS POLITICAL SCIENCE & SOCIOLOGY	10
SOCIAL SCIENCES 1	HONOURS POLITICAL SCIENCE & SOCIOLOGY	8
HONOURS BIOLOGY & PSYCHOLOGY	HONOURS PSYCHOLOGY-NEUROSCIENCE & BEHAVIOUR	4
HONOURS LIFE SCIENCES	HONOURS PSYCHOLOGY-NEUROSCIENCE & BEHAVIOUR	12
HONOURS PSYCHOLOGY-NEUROSCIENCE & BEHAVIOUR	HONOURS PSYCHOLOGY-NEUROSCIENCE & BEHAVIOUR	159
LIFE SCIENCES 1	HONOURS PSYCHOLOGY-NEUROSCIENCE & BEHAVIOUR	46
PSYCHOLOGY	HONOURS PSYCHOLOGY-NEUROSCIENCE & BEHAVIOUR	9
SOCIAL SCIENCES 1	HONOURS PSYCHOLOGY-NEUROSCIENCE & BEHAVIOUR	29
HONOURS PSYCHOLOGY-NEUROSCIENCE & BEHAVIOUR (B.A.) - MENTAL HEALTH SPECIALIZATION	HONOURS PSYCHOLOGY-NEUROSCIENCE & BEHAVIOUR (B.A.) - MENTAL HEALTH SPECIALIZATION	6
HONOURS PSYCHOLOGY-NEUROSCIENCE & BEHAVIOUR	HONOURS PSYCHOLOGY-NEUROSCIENCE & BEHAVIOUR (B.Sc.) - MENTAL HEALTH SPECIALIZATION	2
HONOURS PSYCHOLOGY-NEUROSCIENCE & BEHAVIOUR (B.Sc.) - MENTAL HEALTH SPECIALIZATION	HONOURS PSYCHOLOGY-NEUROSCIENCE & BEHAVIOUR (B.Sc.) - MENTAL HEALTH SPECIALIZATION	10
LIFE SCIENCES 1	HONOURS PSYCHOLOGY-NEUROSCIENCE & BEHAVIOUR (B.Sc.) - MENTAL HEALTH SPECIALIZATION	11
HONOURS PSYCHOLOGY-NEUROSCIENCE & BEHAVIOUR-MUSIC COGNITION	HONOURS PSYCHOLOGY-NEUROSCIENCE & BEHAVIOUR-MUSIC COGNITION	14
LIFE SCIENCES 1	HONOURS PSYCHOLOGY-NEUROSCIENCE & BEHAVIOUR-MUSIC COGNITION	5
HONOURS RELIGIOUS STUDIES	HONOURS RELIGIOUS STUDIES	19
SOCIAL SCIENCES 1	HONOURS RELIGIOUS STUDIES	4
HONOURS RELIGIOUS STUDIES & SOCIOLOGY	HONOURS RELIGIOUS STUDIES & SOCIOLOGY	4
HONOURS SOCIAL PSYCHOLOGY	HONOURS SOCIAL PSYCHOLOGY	100
PSYCHOLOGY	HONOURS SOCIAL PSYCHOLOGY	2
SOCIAL SCIENCES	HONOURS SOCIAL PSYCHOLOGY	2
SOCIAL SCIENCES 1	HONOURS SOCIAL PSYCHOLOGY	60
HONOURS ANTHROPOLOGY	HONOURS SOCIOLOGY	3
HONOURS LABOUR STUDIES & SOCIOLOGY	HONOURS SOCIOLOGY	2
HONOURS SOCIOLOGY	HONOURS SOCIOLOGY	213
HUMANITIES 1	HONOURS SOCIOLOGY	8
PSYCHOLOGY	HONOURS SOCIOLOGY	7
SOCIAL SCIENCES	HONOURS SOCIOLOGY	4
SOCIAL SCIENCES 1	HONOURS SOCIOLOGY	115
SOCIOLOGY	HONOURS SOCIOLOGY	18
HONOURS THEATRE & FILM STUDIES	HONOURS THEATRE & FILM STUDIES	17
HUMANITIES 1	HONOURS THEATRE & FILM STUDIES	2
THEATRE & FILM STUDIES	HONOURS THEATRE & FILM STUDIES	6
BUSINESS 1	HUMANITIES	9
ENGINEERING 1 CO-OP	HUMANITIES	2
HUMANITIES	HUMANITIES	5
HUMANITIES 1	HUMANITIES	20
LIFE SCIENCES 1	HUMANITIES	2
NURSING - MOHAWK SITE	HUMANITIES	2
SOCIAL SCIENCES 1	HUMANITIES	4
BUSINESS 1	HUMANITIES 1	3
HUMANITIES 1	HUMANITIES 1	48
PHYSICAL SCIENCES 1	HUMANITIES 1	2
SOCIAL SCIENCES 1	HUMANITIES 1	5
INDIGENOUS STUDIES & SOCIOLOGY & SOCIAL WORK	INDIGENOUS STUDIES & SOCIOLOGY & SOCIAL WORK	2
INFECTECTIOUS DISEASE/INTERNAL MEDICINE	INFECTECTIOUS DISEASE/INTERNAL MEDICINE	3
INTERNAL MEDICINE	INFECTECTIOUS DISEASE/INTERNAL MEDICINE	2
INTERNAL MEDICINE	INTERNAL MEDICINE	59
MEDICINE	INTERNAL MEDICINE	9
INTERNAL MEDICINE-WATERLOO/WELLINGTON	INTERNAL MEDICINE-WATERLOO/WELLINGTON	3
BUSINESS 1	IRREGULAR	8
COMPUTER SCIENCE 1 CO-OP	IRREGULAR	2
ENGINEERING 1	IRREGULAR	3
ENGINEERING 1 CO-OP	IRREGULAR	9
HONOURS PHILOSOPHY	JUSTICE, POLITICAL PHILOSOPHY AND LAW	2
HUMANITIES 1	JUSTICE, POLITICAL PHILOSOPHY AND LAW	37
JUSTICE, POLITICAL PHILOSOPHY AND LAW	JUSTICE, POLITICAL PHILOSOPHY AND LAW	44
SOCIAL SCIENCES 1	JUSTICE, POLITICAL PHILOSOPHY AND LAW	10
HONOURS KINESIOLOGY 1	KINESIOLOGY GENERAL	7
HONOURS LABOUR STUDIES	LABOUR STUDIES	2
HUMANITIES 1	LABOUR STUDIES	4
LABOUR STUDIES	LABOUR STUDIES	24
SOCIAL SCIENCES	LABOUR STUDIES	2
SOCIAL SCIENCES 1	LABOUR STUDIES	11
LABOUR STUDIES & SOCIAL WORK	LABOUR STUDIES & SOCIAL WORK	2
ENVIRONMENTAL & EARTH SCIENCES 1	LIFE SCIENCES	8
HONOURS LIFE SCIENCES	LIFE SCIENCES	16
LIFE SCIENCES	LIFE SCIENCES	98
LIFE SCIENCES 1	LIFE SCIENCES	65
MATHEMATICS & STATISTICS 1	LIFE SCIENCES	2
SCIENCE	LIFE SCIENCES	24
SOCIAL SCIENCES	LIFE SCIENCES	2
SOCIAL SCIENCES 1	LIFE SCIENCES	5
HONOURS KINESIOLOGY 1	LIFE SCIENCES 1	2
LIFE SCIENCES 1	LIFE SCIENCES 1	15
MANUFACTURING ENGINEERING TECHNOLOGY	MANUFACTURING ENGINEERING TECHNOLOGY	103
MASTER DIVINITY	MASTER DIVINITY	25
MASTER THEOLOGICAL STUDIES	MASTER DIVINITY	2
MASTER THEOLOGICAL STUDIES	MASTER THEOLOGICAL STUDIES	18
ENGINEERING 1	MATERIALS ENGINEERING	12
MATERIALS ENGINEERING	MATERIALS ENGINEERING	23
MATERIALS ENGINEERING CO-OP	MATERIALS ENGINEERING	3
MATERIALS ENGINEERING - NANOMATERIALS STREAM CO-OP	MATERIALS ENGINEERING - NANOMATERIALS STREAM CO-OP	3
MATERIALS ENGINEERING & MANAGEMENT	MATERIALS ENGINEERING & MANAGEMENT	2
MATERIALS ENGINEERING & MANAGEMENT CO-OP	MATERIALS ENGINEERING & MANAGEMENT CO-OP	11
ENGINEERING 1	MATERIALS ENGINEERING & SOCIETY	3
ENGINEERING 1	MATERIALS ENGINEERING & SOCIETY CO-OP	2
ENGINEERING 1 CO-OP	MATERIALS ENGINEERING & SOCIETY CO-OP	5
MATERIALS ENGINEERING & SOCIETY CO-OP	MATERIALS ENGINEERING & SOCIETY CO-OP	18
ENGINEERING 1	MATERIALS ENGINEERING CO-OP	12
ENGINEERING 1 CO-OP	MATERIALS ENGINEERING CO-OP	46
MATERIALS ENGINEERING	MATERIALS ENGINEERING CO-OP	2
MATERIALS ENGINEERING CO-OP	MATERIALS ENGINEERING CO-OP	66
BUSINESS 1	MATHEMATICAL SCIENCE	2
COMPUTER ENGINEERING CO-OP	MATHEMATICAL SCIENCE	2
ENGINEERING 1	MATHEMATICAL SCIENCE	2
ENGINEERING 1 CO-OP	MATHEMATICAL SCIENCE	2
HONOURS MATHEMATICS & STATISTICS(STATISTICS SPECIALIZATION)	MATHEMATICAL SCIENCE	2
LIFE SCIENCES 1	MATHEMATICAL SCIENCE	3
MATHEMATICAL SCIENCE	MATHEMATICAL SCIENCE	31
MATHEMATICS & STATISTICS 1	MATHEMATICAL SCIENCE	11
PHYSICAL SCIENCES	MATHEMATICAL SCIENCE	2
SCIENCE	MATHEMATICAL SCIENCE	3
SOCIAL SCIENCES 1	MATHEMATICAL SCIENCE	2
MATHEMATICS & STATISTICS 1	MATHEMATICS & STATISTICS 1	5
ENGINEERING 1	MECHANICAL ENGINEERING	8
MECHANICAL ENGINEERING	MECHANICAL ENGINEERING	20
MECHANICAL ENGINEERING & MANAGEMENT	MECHANICAL ENGINEERING	2
MECHANICAL ENGINEERING CO-OP	MECHANICAL ENGINEERING	3
ENGINEERING 1	MECHANICAL ENGINEERING & MANAGEMENT	3
MECHANICAL ENGINEERING & MANAGEMENT	MECHANICAL ENGINEERING & MANAGEMENT	10
MECHANICAL ENGINEERING & SOCIETY CO-OP	MECHANICAL ENGINEERING & SOCIETY CO-OP	15
ENGINEERING 1	MECHANICAL ENGINEERING AND MANAGEMENT CO-OP	9
ENGINEERING 1 CO-OP	MECHANICAL ENGINEERING AND MANAGEMENT CO-OP	38
MECHANICAL ENGINEERING AND MANAGEMENT CO-OP	MECHANICAL ENGINEERING AND MANAGEMENT CO-OP	104
ENGINEERING 1	MECHANICAL ENGINEERING CO-OP	16
ENGINEERING 1 CO-OP	MECHANICAL ENGINEERING CO-OP	44
MECHANICAL ENGINEERING	MECHANICAL ENGINEERING CO-OP	8
MECHANICAL ENGINEERING CO-OP	MECHANICAL ENGINEERING CO-OP	177
ENGINEERING 1	MECHATRONICS ENGINEERING	2
MECHATRONICS ENGINEERING	MECHATRONICS ENGINEERING	11
MECHATRONICS ENGINEERING & MANAGEMENT	MECHATRONICS ENGINEERING & MANAGEMENT	4
ENGINEERING 1 CO-OP	MECHATRONICS ENGINEERING & MANAGEMENT CO-OP	16
MECHATRONICS ENGINEERING & MANAGEMENT	MECHATRONICS ENGINEERING & MANAGEMENT CO-OP	2
MECHATRONICS ENGINEERING & MANAGEMENT CO-OP	MECHATRONICS ENGINEERING & MANAGEMENT CO-OP	44
ENGINEERING 1 CO-OP	MECHATRONICS ENGINEERING & SOCIETY CO-OP	3
MECHATRONICS ENGINEERING & SOCIETY CO-OP	MECHATRONICS ENGINEERING & SOCIETY CO-OP	3
ENGINEERING 1	MECHATRONICS ENGINEERING CO-OP	4
ENGINEERING 1 CO-OP	MECHATRONICS ENGINEERING CO-OP	31
MECHATRONICS ENGINEERING	MECHATRONICS ENGINEERING CO-OP	6
MECHATRONICS ENGINEERING CO-OP	MECHATRONICS ENGINEERING CO-OP	81
MEDICAL BIOCHEMISTRY	MEDICAL BIOCHEMISTRY	2
MEDICAL MICROBIOLOGY	MEDICAL MICROBIOLOGY	4
MEDICAL ONCOLOGY	MEDICAL ONCOLOGY	6
MEDICAL RADIATION SCIENCES	MEDICAL RADIATION SCIENCES	2
HONOURS LIFE SCIENCES	MEDICAL RADIATION SCIENCES - RADIOGRAPHY SPECIALIZATION	2
MEDICAL RADIATION SCIENCES	MEDICAL RADIATION SCIENCES - RADIOGRAPHY SPECIALIZATION	48
MEDICAL RADIATION SCIENCES - RADIOGRAPHY SPECIALIZATION	MEDICAL RADIATION SCIENCES - RADIOGRAPHY SPECIALIZATION	108
MEDICAL RADIATION SCIENCES	MEDICAL RADIATION SCIENCES - ULTRASONOGRAPHY SPECIALIZATION	36
MEDICAL RADIATION SCIENCES - ULTRASONOGRAPHY SPECIALIZATION	MEDICAL RADIATION SCIENCES - ULTRASONOGRAPHY SPECIALIZATION	66
MEDICAL RADIATION SCIENCES	MEDICAL RADIATION SCIENCES -RADIATION THERAPY SPECIALIZATION	24
MEDICAL RADIATION SCIENCES -RADIATION THERAPY SPECIALIZATION	MEDICAL RADIATION SCIENCES -RADIATION THERAPY SPECIALIZATION	49
HONOURS B HTH SCI (BIOMEDICAL SCIENCES SPECIALIZATION)	MEDICINE	6
HONOURS B HTH SCI (GLOBAL HEALTH SPECIALIZATION)	MEDICINE	5
HONOURS BACHELOR OF HEALTH SCIENCES	MEDICINE	26
HONOURS BIOLOGY	MEDICINE	2
MEDICINE	MEDICINE	410
MIDWIFERY	MIDWIFERY	77
MUSIC	MUSIC	4
MUSIC 1	MUSIC	2
NEONATOLOGY/PERINATOLOGY	NEONATOLOGY/PERINATOLOGY	9
INTERNAL MEDICINE	NEPHROLOGY/INTERNAL MEDICINE	2
NEUROLOGY	NEUROLOGY	12
NEUROSURGERY	NEUROSURGERY	7
NURSING	NURSING	438
NURSING - CONESTOGA SITE	NURSING - CONESTOGA SITE	319
NURSING - MOHAWK SITE	NURSING - MOHAWK SITE	339
CONTINUING	NURSING (BASIC ACCELERATED)	7
HONOURS BIOCHEMISTRY - BIOMEDICAL RESEARCH SPECIALIZATION (CO-OP)	NURSING (BASIC ACCELERATED)	2
HONOURS LIFE SCIENCES	NURSING (BASIC ACCELERATED)	5
NURSING (BASIC ACCELERATED)	NURSING (BASIC ACCELERATED)	48
NURSING (POST DIPLOMA REGISTERED PRACTICAL NURSE) - MOHAWK	NURSING (POST DIPLOMA REGISTERED PRACTICAL NURSE) - MOHAWK	122
NURSING (POST DIPLOMA REGISTERED PRACTICAL NURSE) -CONESTOGA	NURSING (POST DIPLOMA REGISTERED PRACTICAL NURSE) -CONESTOGA	95
MEDICINE	OBSTETRICS & GYNECOLOGY	2
OBSTETRICS & GYNECOLOGY	OBSTETRICS & GYNECOLOGY	26
OCCASIONAL	OCCASIONAL	2
OPHTHALMOLOGY	OPHTHALMOLOGY	7
ORTHOPEDIC SURGERY	ORTHOPEDIC SURGERY	24
OTOLARYNGOLOGY	OTOLARYNGOLOGY	6
MEDICINE	PAEDIATRICS	2
PAEDIATRICS	PAEDIATRICS	30
PEDIATRIC CRITICAL CARE	PEDIATRIC CRITICAL CARE	6
PEDIATRIC NEUROLOGY	PEDIATRIC NEUROLOGY	6
PEDIATRIC SURGERY	PEDIATRIC SURGERY	2
HONOURS PHILOSOPHY	PHILOSOPHY	3
HUMANITIES	PHILOSOPHY	3
HUMANITIES 1	PHILOSOPHY	15
PHILOSOPHY	PHILOSOPHY	26
SOCIAL SCIENCES 1	PHILOSOPHY	2
MEDICINE	PHYSICAL MEDICINE & REHABILITATION	2
PHYSICAL MEDICINE & REHABILITATION	PHYSICAL MEDICINE & REHABILITATION	15
HONOURS CHEMISTRY	PHYSICAL SCIENCES	3
PHYSICAL SCIENCES	PHYSICAL SCIENCES	8
PHYSICAL SCIENCES 1	PHYSICAL SCIENCES	8
PHYSICAL SCIENCES 1	PHYSICAL SCIENCES 1	5
PHYSICIAN ASSISTANT	PHYSICIAN ASSISTANT	25
MEDICINE	PLASTIC SURGERY	2
PLASTIC SURGERY	PLASTIC SURGERY	13
HONOURS PHILOSOPHY & POLITICAL SCIENCE	POLITICAL SCIENCE	2
HONOURS POLITICAL SCIENCE	POLITICAL SCIENCE	13
HONOURS POLITICAL SCIENCE & RELIGIOUS STUDIES	POLITICAL SCIENCE	2
HONOURS POLITICAL SCIENCE & SOCIOLOGY	POLITICAL SCIENCE	2
HUMANITIES 1	POLITICAL SCIENCE	3
POLITICAL SCIENCE	POLITICAL SCIENCE	43
SOCIAL SCIENCES	POLITICAL SCIENCE	8
SOCIAL SCIENCES 1	POLITICAL SCIENCE	16
POLITICAL SCIENCE & SOCIAL WORK	POLITICAL SCIENCE & SOCIAL WORK	7
SOCIAL SCIENCES 1	POLITICAL SCIENCE & SOCIAL WORK	3
PROCESS AUTOMATION TECHNOLOGY	PROCESS AUTOMATION TECHNOLOGY	159
TECHNOLOGY 1	PROCESS AUTOMATION TECHNOLOGY	74
MEDICINE	PSYCHIATRY	3
PSYCHIATRY	PSYCHIATRY	28
PSYCHIATRY-WATERLOO/WELLINGTON	PSYCHIATRY-WATERLOO/WELLINGTON	6
HONOURS LIFE SCIENCES	PSYCHOLOGY	2
MATHEMATICS & STATISTICS 1	PSYCHOLOGY	2
PSYCHOLOGY	PSYCHOLOGY	86
SOCIAL SCIENCES	PSYCHOLOGY	6
SOCIAL SCIENCES 1	PSYCHOLOGY	61
SOCIOLOGY	PSYCHOLOGY	3
PSYCHOLOGY	PSYCHOLOGY & SOCIAL WORK	2
PSYCHOLOGY & SOCIAL WORK	PSYCHOLOGY & SOCIAL WORK	10
COMMUNITY MEDICINE	PUBLIC HEALTH AND PREVENTATIVE MEDICINE - FM	3
RADIATION ONCOLOGY	RADIATION ONCOLOGY	11
RELIGIOUS STUDIES	RELIGIOUS STUDIES	7
SOCIAL SCIENCES 1	RELIGIOUS STUDIES	6
INTERNAL MEDICINE	RESPIRATORY MEDICINE/INTERNAL MEDICINE	2
RESPIRATORY MEDICINE/INTERNAL MEDICINE	RESPIRATORY MEDICINE/INTERNAL MEDICINE	4
RHEUMATOLOGY/INTERNAL MEDICINE	RHEUMATOLOGY/INTERNAL MEDICINE	4
ENGINEERING 1	SCIENCE	2
ENGINEERING 1 CO-OP	SCIENCE	3
ENVIRONMENTAL & EARTH SCIENCES 1	SCIENCE	7
HONOURS KINESIOLOGY	SCIENCE	6
HONOURS KINESIOLOGY 1	SCIENCE	4
KINESIOLOGY GENERAL	SCIENCE	4
LIFE SCIENCES 1	SCIENCE	25
MATHEMATICS & STATISTICS 1	SCIENCE	8
MEDICAL RADIATION SCIENCES	SCIENCE	9
PHYSICAL SCIENCES 1	SCIENCE	4
SCIENCE	SCIENCE	19
SOCIAL SCIENCES 1	SCIENCE	2
BUSINESS 1	SOCIAL SCIENCES	2
SOCIAL SCIENCES	SOCIAL SCIENCES	25
SOCIAL SCIENCES 1	SOCIAL SCIENCES	44
TECHNOLOGY 1	SOCIAL SCIENCES	2
LIFE SCIENCES 1	SOCIAL SCIENCES 1	2
SOCIAL SCIENCES 1	SOCIAL SCIENCES 1	68
SOCIAL WORK	SOCIAL WORK	33
ANTHROPOLOGY	SOCIOLOGY	2
BUSINESS 1	SOCIOLOGY	3
HONOURS COMMUNICATION STUDIES	SOCIOLOGY	3
HONOURS COMMUNICATION STUDIES & SOCIOLOGY	SOCIOLOGY	2
HONOURS SOCIOLOGY	SOCIOLOGY	21
HUMANITIES	SOCIOLOGY	2
HUMANITIES 1	SOCIOLOGY	4
PSYCHOLOGY	SOCIOLOGY	3
SOCIAL SCIENCES	SOCIOLOGY	14
SOCIAL SCIENCES 1	SOCIOLOGY	49
SOCIOLOGY	SOCIOLOGY	120
HONOURS SOCIOLOGY	SOCIOLOGY & SOCIAL WORK	4
SOCIAL SCIENCES 1	SOCIOLOGY & SOCIAL WORK	6
SOCIOLOGY	SOCIOLOGY & SOCIAL WORK	2
SOCIOLOGY & SOCIAL WORK	SOCIOLOGY & SOCIAL WORK	46
SOFTWARE ENGINEERING	SOFTWARE ENGINEERING	15
SOFTWARE ENGINEERING (EMBEDDED SYSTEMS)	SOFTWARE ENGINEERING	3
SOFTWARE ENGINEERING CO-OP	SOFTWARE ENGINEERING	4
ENGINEERING 1 CO-OP	SOFTWARE ENGINEERING & MANAGEMENT CO-OP	7
SOFTWARE ENGINEERING & MANAGEMENT CO-OP	SOFTWARE ENGINEERING & MANAGEMENT CO-OP	23
ENGINEERING 1	SOFTWARE ENGINEERING & SOCIETY	2
SOFTWARE ENGINEERING & SOCIETY CO-OP	SOFTWARE ENGINEERING & SOCIETY CO-OP	2
SOFTWARE ENGINEERING (EMBEDDED SYSTEMS)	SOFTWARE ENGINEERING (EMBEDDED SYSTEMS)	5
ENGINEERING 1	SOFTWARE ENGINEERING (EMBEDDED SYSTEMS) CO-OP	3
ENGINEERING 1 CO-OP	SOFTWARE ENGINEERING (EMBEDDED SYSTEMS) CO-OP	14
SOFTWARE ENGINEERING (EMBEDDED SYSTEMS)	SOFTWARE ENGINEERING (EMBEDDED SYSTEMS) CO-OP	2
SOFTWARE ENGINEERING (EMBEDDED SYSTEMS) CO-OP	SOFTWARE ENGINEERING (EMBEDDED SYSTEMS) CO-OP	33
ENGINEERING 1	SOFTWARE ENGINEERING (GAME DESIGN)	4
SOFTWARE ENGINEERING (GAME DESIGN)	SOFTWARE ENGINEERING (GAME DESIGN)	11
ENGINEERING 1	SOFTWARE ENGINEERING (GAME DESIGN) CO-OP	2
ENGINEERING 1 CO-OP	SOFTWARE ENGINEERING (GAME DESIGN) CO-OP	11
SOFTWARE ENGINEERING (GAME DESIGN)	SOFTWARE ENGINEERING (GAME DESIGN) CO-OP	2
SOFTWARE ENGINEERING (GAME DESIGN) CO-OP	SOFTWARE ENGINEERING (GAME DESIGN) CO-OP	43
ENGINEERING 1 CO-OP	SOFTWARE ENGINEERING CO-OP	48
SOFTWARE ENGINEERING	SOFTWARE ENGINEERING CO-OP	3
SOFTWARE ENGINEERING (EMBEDDED SYSTEMS) CO-OP	SOFTWARE ENGINEERING CO-OP	3
SOFTWARE ENGINEERING CO-OP	SOFTWARE ENGINEERING CO-OP	48
MEDICINE	SURGERY	3
SURGERY	SURGERY	31
ENGINEERING 1 CO-OP	TECHNOLOGY 1	3
TECHNOLOGY 1	TECHNOLOGY 1	12
HUMANITIES 1	THEATRE & FILM STUDIES	12
SOCIAL SCIENCES 1	THEATRE & FILM STUDIES	3
THEATRE & FILM STUDIES	THEATRE & FILM STUDIES	10
SURGERY	THORACIC SURGERY	2
TRANSFUSION MEDICINE	TRANSFUSION MEDICINE	2
TRAUMA SURGERY	TRAUMA SURGERY	4
UROLOGY	UROLOGY	13
VASCULAR SURGERY	VASCULAR SURGERY	5
